Store.Number,Whlsr..,Whlsr.Name,A.B.Region,FY.15.OOS.Rate,Total.Footage,Average.Deliveries.Per.Week,Average.Cases.Delivered.Per.Week,Delivery.Schedule,Average.Deliveries.Per.Month,cluster1936,72175,MARCHETTI DISTRIBUTING,3,0.059,100,5,1680,MoFr,21,11565,73394,DELANEY DISTRIBUTORS,4,0.049,89,4,1344,We,17,15299,10922,CITY BEVERAGES,2,0.039,72,3,1310,MoWeFr,14,13763,44223,L & F DISTRIBUTORS,5,0.035,72,3,1074,Tu,13,1643,43926,BETTER BRANDS,2,0.032,84,3,1009,Fr,12,15087,43926,BETTER BRANDS,2,0.043,72,3,1005,Fr,12,1645,22659,NORFOLK BEVERAGE,4,0.047,72,2,980,WeFr,11,11555,30414,ALFORD DISTRIBUTING,7,0.043,73,2,978,TuFr,10,13136,44223,DESERT EAGLE DISTRIBUTING,5,0.043,84,3,926,TuFrSa,15,11326,62630,H & H DISTRIBUTING,4,0.039,76,2,903,WeFr,9,1616,33979,ORANGEBURG DISTRIBUTORS,2,0.042,72,2,900,TuFr,9,12142,72857,BELLAVANCE BEVERAGE,1,0.041,92,2,881,TuFr,10,12014,62155,FABIANO BROTHERS,3,0.035,96,3,841,Fr,15,15147,64221,BEN E KEITH,5,0.033,92,2,832,TuFr,9,12612,44223,L & F DISTRIBUTORS,5,0.033,72,3,829,Sa,14,1546,94224,SILVER EAGLE DISTRIBUTING,5,0.05,72,2,822,TuFr,10,11149,20282,III COUNTIES DISTRIBUTING,7,0.081,76,3,821,MoFr,14,11382,53929,BUD OF GREENVILLE,2,0.061,72,2,812,Fr,9,1578,84146,EAGLE DISTRIBUTING,2,0.033,72,3,800,MoTh,12,14332,10922,CITY BEVERAGES,2,0.05,76,3,791,TuSa,13,1234,32464,NORTH K C BEVERAGE,4,0.038,81,2,767,MoTh,9,11611,12167,EARL SMITH DISTRIBUTING,3,0.071,76,2,766,TuFr,9,11542,72118,HURON DISTRIBUTORS,3,0.033,96,2,750,TuFr,9,1613,10906,DAYTONA BEVERAGES,2,0.036,80,4,744,Sa,18,13626,53296,R H BARRINGER,2,0.039,76,2,742,MoTh,9,11391,10906,DAYTONA BEVERAGES,2,0.053,73,3,738,MoThSa,14,11313,44276,SILVER EAGLE DISTRIBUTORS,5,0.032,84,2,711,TuFr,9,11533,10261,HENSLEY & CO PHOENIX,7,0.034,76,2,711,WeSa,9,12724,94240,SILVER EAGLE DISTRIBUTORS,5,0.039,84,2,709,TuFr,10,11834,63658,WESTERN BEVERAGE,6,0.046,77,2,706,TuFr,9,1532,31712,MOCKLER BEVERAGE,5,0.038,81,2,702,MoTh,11,12951,70400,ANHEUSER-BUSCH,7,0.043,76,3,701,Fr,15,11660,70400,ANHEUSER-BUSCH,7,0.052,72,4,700,TuFr,16,11104,40915,GREAT BAY DISTRIBUTORS,2,0.035,80,3,696,Sa,13,11327,11356,NORTH VERNON BEVERAGE,3,0.036,72,2,695,Fr,9,1163,84257,R & K DISTRIBUTORS,5,0.066,72,2,689,TuFr,9,12950,70400,ANHEUSER-BUSCH,7,0.037,80,3,684,We,14,15745,33917,B & B DISTRIBUTORS,2,0.032,72,2,683,TuFr,9,1601,34271,STANDARD SALES,5,0.036,72,2,682,TuFr,9,1260,64221,BEN E KEITH,5,0.049,72,2,676,TuFr,9,12537,80453,FOOTHILL DISTRIBUTING,7,0.041,88,3,673,TuThSa,14,1361,21228,ILLINOIS DISTRIBUTING,3,0.031,76,2,663,TuTh,9,13106,44276,SILVER EAGLE DISTRIBUTORS,5,0.032,96,2,656,TuFr,10,15165,94233,L & F DISTRIBUTORS,5,0.037,84,2,654,MoTh,9,11664,43231,R A JEFFREYS DISTRIBUTING,2,0.036,72,2,652,TuTh,10,13591,94216,SILVER EAGLE DISTRIBUTING,5,0.031,85,2,650,TuFr,9,11297,30958,TRI-EAGLE SALES,2,0.032,93,5,642,Sa,21,11624,50410,ADVANCE BEVERAGE CO INC,7,0.052,72,3,641,TuFr,11,12079,52171,GRIFFIN BEVERAGE,3,0.04,81,4,639,Mo,18,1345,64259,BEN E KEITH,5,0.056,72,2,637,TuFr,10,11186,44207,DEL PAPA DISTRIBUTING,5,0.046,76,2,630,TuFr,9,15326,30958,TRI-EAGLE SALES,2,0.063,76,3,621,Sa,13,1999,44276,SILVER EAGLE DIST LP,5,0.033,92,2,617,TuFr,10,11286,33916,K W ASSOCIATES,2,0.036,72,2,613,MoTh,9,196,32441,COUNTY BEVERAGE,4,0.044,72,2,612,TuFr,9,1661,10143,TURNER BEVERAGE,2,0.031,88,2,601,TuFr,10,15316,64225,BEN E KEITH,5,0.046,72,2,582,MoTh,9,11392,73291,R.A. JEFFREYS OF WILMINGTON,2,0.046,81,2,561,TuFr,9,1796,11206,CITY BEVERAGE MARKHAM,3,0.039,76,2,552,Mo,10,1877,33213,"ADAMS BEVERAGES OF NC, LLC ",2,0.057,81,2,542,Tu,9,13254,42720,MORREY DISTRIBUTING,7,0.041,72,2,542,WeFr,10,14318,30166,BAMA BUD OF MONTGOMERY,2,0.038,76,2,540,TuFr,9,1541,71702,CHAMPAGNE BEVERAGE,5,0.043,72,2,535,MoTh,10,1228,64225,BEN E KEITH,5,0.031,72,2,533,TuFr,9,11749,2813,NEW HAMPSHIRE DISTRIBUTORS,1,0.04,84,2,533,TuTh,8,15764,64225,BEN E KEITH,5,0.036,80,2,533,TuFr,9,13729,42720,MORREY DISTRIBUTING,7,0.033,72,2,528,WeFr,9,12958,24804,WISCONSIN DIST APPLETON,3,0.033,73,2,521,MoFr,9,1586,43926,BETTER BRANDS,2,0.031,72,2,519,MoTh,9,1809,10102,BAMA BUDWEISER OF ANNISTON,2,0.058,72,2,511,TuFr,10,15144,44276,SILVER EAGLE DISTRIBUTORS,5,0.031,72,2,511,TuFr,10,11296,94239,L & F DISTRIBUTORS,5,0.045,72,2,510,TuFr,9,1615,61014,EAGLE ROCK OF DALTON,2,0.035,72,2,507,TuTh,9,14239,42720,MORREY DISTRIBUTING,7,0.047,80,2,507,WeFr,9,11201,10121,BIRMINGHAM BUD DISTRIBUTING,2,0.032,77,3,506,Fr,13,11932,31804,MAINE DISTRIBUTORS,1,0.04,72,2,505,TuFr,9,15883,94682,KING BEVERAGE,6,0.076,80,2,505,TuFr,9,15287,94262,SILVER EAGLE DIST LP - CYPRESS,5,0.05,72,2,498,TuFr,9,11631,74563,M PRICE DISTRIBUTING,1,0.033,72,2,497,TuFr,9,13380,4699,KING BEVERAGE,6,0.033,76,2,497,TuFr,9,15343,64597,J F FICK INC,1,0.041,72,3,497,WeFr,13,1673,4109,BUD OF CLARKSVILLE,2,0.032,72,2,496,TuFr,9,1699,52311,A&B DISTRIBUTING,2,0.054,76,2,496,WeFr,9,12325,84627,OLYMPIC EAGLE DISTRIBUTING,6,0.053,84,2,495,MoTh,8,11300,43231,R A JEFFREYS DISTRIBUTING,2,0.033,72,2,493,TuFr,10,1542,71741,BUQUET DISTRIBUTING,5,0.031,84,2,492,TuTh,10,13702,70918,NORTH FLORIDA SALES,2,0.044,73,3,490,Sa,14,1309,41732,SCHILLING DISTRIBUTING,5,0.045,73,2,489,Th,9,12727,10986,EAGLE BRANDS,2,0.081,73,2,489,TuFr,10,13371,33213,"ADAMS BEVERAGES OF NC, LLC ",2,0.043,76,2,489,MoTh,9,11976,23125,SENECA BEVERAGE,1,0.039,76,3,482,Fr,13,1728,23912,SOUTHERN EAGLE OF SC,2,0.039,72,2,481,TuFr,9,1463,54209,L & F DISTRIBUTING,5,0.039,72,2,480,TuFr,10,12595,84614,CROWN DISTRIBUTING,6,0.068,72,3,475,MoWeFr,13,13652,90489,MARKSTEIN BEV CO OF SACRAMENTO,7,0.035,73,2,474,TuFr,9,12116,13198,SARATOGA EAGLE SALES,1,0.044,84,3,473,WeFr,12,14538,94262,SILVER EAGLE DIST LP - CYPRESS,5,0.053,76,2,473,MoTh,10,11284,177,ADAMS BEVERAGES,2,0.055,72,2,469,TuFr,9,194,54153,BUD OF MEMPHIS,2,0.047,72,2,468,Tu,9,1376,81774,EAGLE DIST OF SHREVEPORT,5,0.059,72,2,468,TuTh,9,1660,10125,SHOALS DISTRIBUTING,2,0.053,72,2,468,MoFr,10,11212,20161,BUDWEISER-BUSCH DIST,2,0.043,72,2,467,MoTh,9,13014,64221,BEN E KEITH COMPANY,5,0.033,76,2,467,TuFr,9,15494,51140,WATKINS DIST SALES & SERVICE,6,0.031,76,2,466,TuFr,9,1734,30134,ADAMS BEVERAGES,2,0.035,88,2,464,TuFr,9,14405,11209,SUPERIOR BEVERAGE,3,0.036,76,2,463,We,7,12387,40908,PEPIN DISTRIBUTING,2,0.076,72,3,458,MoFr,13,1651,44207,DEL PAPA DISTRIBUTING,5,0.043,72,2,452,TuFr,9,14333,20162,BUDWEISER-BUSCH DIST,2,0.044,80,2,452,TuFr,9,11861,62220,COLLEGE CITY BEVERAGE,4,0.039,85,1,448,Mo,5,11798,62155,FABIANO BROTHERS,3,0.041,73,2,447,TuTh,11,13221,23125,SENECA BEVERAGE,1,0.034,80,2,445,TuFr,9,1344,54294,DEL PAPA DISTRIBUTING,5,0.035,72,2,444,MoTh,9,12214,33916,K W ASSOCIATES,2,0.048,72,3,437,MoTh,12,1533,41732,SCHILLING DISTRIBUTING,5,0.059,73,2,428,TuTh,9,1935,71702,CHAMPAGNE BEVERAGE,5,0.04,93,2,426,MoTh,9,12766,10261,HENSLEY & CO PHOENIX,7,0.043,81,2,417,MoTh,9,15272,84627,OLYMPIC EAGLE DISTRIBUTING,6,0.044,76,2,417,TuFr,9,11158,10121,BIRMINGHAM BUD DISTRIBUTING,2,0.062,77,2,415,MoTh,9,13418,40908,PEPIN DISTRIBUTING CO,2,0.05,80,3,414,Mo,13,11241,71430,VANGUARD DISTRIBUTING,4,0.061,88,2,413,TuFr,9,12084,72551,CARDINAL DISTRIBUTING,6,0.031,72,5,411,None,21,1331,51733,SOUTHWEST BEVERAGE,5,0.031,80,2,409,TuFr,9,15260,23559,A & B DISTRIBUTORS,5,0.036,76,3,409,Fr,12,1932,91029,ATLANTA BEVERAGE CO - GRIFFIN,2,0.039,77,2,408,MoTh,9,1